Year,Population,"Violent
crime","Violent 
crime 
rate ","Murder and
nonnegligent 
manslaughter","Murder and 
nonnegligent 
manslaughter 
rate ","Forcible 
rape","Forcible
rape
rate ",Robbery,"Robbery 
rate ","Aggravated 
assault","Aggravated 
assault rate ","Property 
crime","Property 
crime 
rate ",Burglary,"Burglary 
rate ","Larceny-
theft","Larceny-
theft rate ","Motor 
vehicle 
theft","Motor 
vehicle 
theft 
rate "
1992,255029699,1932274,757.7,23760,9.3,109062,42.8,672478,263.7,1126974,441.9,12505917,4903.7,2979884,1168.4,7915199,3103.6,1610834,631.6
1993,257782608,1926017,747.1,24526,9.5,106014,41.1,659870,256,1135607,440.5,12218777,4740,2834808,1099.7,7820909,3033.9,1563060,606.3
1994,260327021,1857670,713.6,23326,9,102216,39.3,618949,237.8,1113179,427.6,12131873,4660.2,2712774,1042.1,7879812,3026.9,1539287,591.3
1995,262803276,1798792,684.5,21606,8.2,97470,37.1,580509,220.9,1099207,418.3,12063935,4590.5,2593784,987,7997710,3043.2,1472441,560.3
1996,265228572,1688540,636.6,19645,7.4,96252,36.3,535594,201.9,1037049,391,11805323,4451,2506400,945,7904685,2980.3,1394238,525.7
1997,267783607,1636096,611,18208,6.8,96153,35.9,498534,186.2,1023201,382.1,11558475,4316.3,2460526,918.8,7743760,2891.8,1354189,505.7
1998,270248003,1533887,567.6,16974,6.3,93144,34.5,447186,165.5,976583,361.4,10951827,4052.5,2332735,863.2,7376311,2729.5,1242781,459.9
1999,272690813,1426044,523,15522,5.7,89411,32.8,409371,150.1,911740,334.3,10208334,3743.6,2100739,770.4,6955520,2550.7,1152075,422.5
2000,281421906,1425486,506.5,15586,5.5,90178,32,408016,145,911706,324,10182584,3618.3,2050992,728.8,6971590,2477.3,1160002,412.2
2001,285317559,1439480,504.5,16037,5.6,90863,31.8,423557,148.5,909023,318.6,10437189,3658.1,2116531,741.8,7092267,2485.7,1228391,430.5
2002,287973924,1423677,494.4,16229,5.6,95235,33.1,420806,146.1,891407,309.5,10455277,3630.6,2151252,747,7057379,2450.7,1246646,432.9
2003,290788976,1383676,475.8,16528,5.7,93883,32.3,414235,142.5,859030,295.4,10442862,3591.2,2154834,741,7026802,2416.5,1261226,433.7
2004,293656842,1360088,463.2,16148,5.5,95089,32.4,401470,136.7,847381,288.6,10319386,3514.1,2144446,730.3,6937089,2362.3,1237851,421.5
2005,296507061,1390745,469,16740,5.6,94347,31.8,417438,140.8,862220,290.8,10174754,3431.5,2155448,726.9,6783447,2287.8,1235859,416.8
2006,299398484,1435123,479.3,17309,5.8,94472,31.6,449246,150,874096,292,10019601,3346.6,2194993,733.1,6626363,2213.2,1198245,400.2
2007,301621157,1422970,471.8,17128,5.7,92160,30.6,447324,148.3,866358,287.2,9882212,3276.4,2190198,726.1,6591542,2185.4,1100472,364.9
2008,304059724,1394461,458.6,16465,5.4,90750,29.8,443563,145.9,843683,277.5,9774152,3214.6,2228887,733,6586206,2166.1,959059,315.4
2009,307006550,1325896,431.9,15399,5,89241,29.1,408742,133.1,812514,264.7,9337060,3041.3,2203313,717.7,6338095,2064.5,795652,259.2
2010,309330219,1251248,404.5,14722,4.8,85593,27.7,369089,119.3,781844,252.8,9112625,2945.9,2168459,701,6204601,2005.8,739565,239.1
2011,311591917,1203564,386.3,14612,4.7,83425,26.8,354396,113.7,751131,241.1,9063173,2908.7,2188005,702.2,6159795,1976.9,715373,229.6
2012,313914040,1214462,386.9,14827,4.7,84376,26.9,354520,112.9,760739,242.3,8975438,2859.2,2103787,670.2,6150598,1959.3,721053,229.7
,,,,,,,,,,,,,,,,,,,
